[{"name":"Rack","lastName":"Lei","age":"25","city":"San Jone","email":"jackon@network.com","gender":"man","phoneNumber":"7383627627","postalCode":"394221","state":"CA","streetAddress":"Main 126","img":"https:\/\/images.unsplash.com\/photo-1534385842125-8c9ad0bd123c?ixlib=rb-1.2.1&q=80&fm=jpg&crop=entropy&cs=tinysrgb&w=200&fit=max&ixid=eyJhcHBfaWQiOjE3Nzg0fQ","id":1},{"name":"John","lastName":"Doe","age":"34","city":"New York","email":"jhondoe@foo.com","gender":"man","phoneNumber":"1283645645","postalCode":"09889","state":"WA","streetAddress":"sss 89","img":"https:\/\/uifaces.co\/our-content\/donated\/-Yy7ndKG.jpg","id":2},{"name":"Richardd","lastName":"Desmond","age":"30","city":"Salt lake city","email":"dismond@foo.com","gender":"man","phoneNumber":"90876987654","postalCode":"457320","state":"UT","streetAddress":"Main 90","id":4},{"name":"Susanna","lastName":"Smith","age":"28","city":"Louisville","email":"susanmith@baz.com","gender":"woman","phoneNumber":"224355488976","postalCode":"445321","state":"KNT","streetAddress":"Main 43","img":"https:\/\/m.media-amazon.com\/images\/M\/MV5BMTY1NzA4NDgwN15BMl5BanBnXkFtZTcwOTUyODM0Nw@@._V1_UX172_CR0,0,172,256_AL_.jpg","id":5},{"name":"Brad","lastName":"Simpson","age":"40","city":"Atlanta","email":"brad@foo.com","gender":"man","phoneNumber":"6854634522","postalCode":"394221","state":"GEO","streetAddress":"st 128","img":"https:\/\/images-na.ssl-images-amazon.com\/images\/M\/MV5BMTM0ODU5Nzk2OV5BMl5BanBnXkFtZTcwMzI2ODgyNQ@@._V1_UY256_CR4,0,172,256_AL_.jpg","id":6},{"id":7,"name":"Neil","lastName":"Walker","email":"walkerneil@baz.com","gender":"man","city":"Nashville","streetAddress":"1","state":"TN","age":42,"postalCode":"90143","phoneNumber":"45372788192"},{"name":"Robert","lastName":"Thomson","age":"24","city":"New Orleans","email":"jackon@network.com","gender":"man","phoneNumber":"91232876454","postalCode":"63281","state":"LU","streetAddress":"Main 126","id":"8"},{"name":"RackG","lastName":"Rack","age":"23","city":"Barc","email":"h@h.com","gender":"man","phoneNumber":"987987987","postalCode":"123123","state":"qwe","streetAddress":"asdasd 12","img":"https:\/\/i.imgur.com\/qF2JiTo.jpg","id":9}]