[
  {
    "name": "Yvonne Strahovski",
    "email": "yvonne.strahovski@gmail.com",
    "position": "Software Engineer",
    "photo": "https:\/\/m.media-amazon.com\/images\/M\/MV5BMzI5NDIzNTQ1Nl5BMl5BanBnXkFtZTgwMjQ0Mzc1MTE@._V1_UY256_CR4,0,172,256_AL_.jpg"
  },
  {
    "name": "Mario Palmer",
    "email": "mario.palmer@gmail.com",
    "position": "Senior Developer",
    "photo": "https:\/\/randomuser.me\/api\/portraits\/men\/33.jpg"
  },
  {
    "name": "Ali Anari",
    "email": "ali.anari@gmail.com",
    "position": "Customer Service",
    "photo": "https:\/\/pbs.twimg.com\/profile_images\/647526574120529920\/T5rm0m7W.jpg"
  },
  {
    "name": "Ariyanna Hicks",
    "email": "ariyanna.hicks@gmail.com",
    "position": "Product Designer",
    "photo": "https:\/\/i.imgur.com\/Qz5CrD0.jpg"
  },
  {
    "name": "Jonathan Hung",
    "email": "jonathan.hung@gmail.com",
    "position": "Call Center Representative",
    "photo": "https:\/\/pbs.twimg.com\/profile_images\/869994638110736385\/CVYUarcq.jpg"
  },
  {
    "name": "Andr\u00c3\u00a9 B\u00c3\u00a1rtolo",
    "email": "andr\u00c3\u00a9.b\u00c3\u00a1rtolo@gmail.com",
    "position": "Clerical",
    "photo": "https:\/\/pbs.twimg.com\/profile_images\/1094979667143069696\/QrD0ovrh.jpg"
  },
  {
    "name": "Jennifer Aniston",
    "email": "jennifer.aniston@gmail.com",
    "position": "Customer Service",
    "photo": "https:\/\/images-na.ssl-images-amazon.com\/images\/M\/MV5BNjk1MjIxNjUxNF5BMl5BanBnXkFtZTcwODk2NzM4Mg@@._V1_UY256_CR3,0,172,256_AL_.jpg"
  },
  {
    "name": "Temperance Norwood",
    "email": "temperance.norwood@gmail.com",
    "position": "Software Engineer",
    "photo": "https:\/\/images.generated.photos\/eL-OqIIteJK_ORyTXpJ96fDVgV_vY5PCvb0CfFGXMxs\/rs:fit:512:512\/Z3M6Ly9nZW5lcmF0\/ZWQtcGhvdG9zLzAx\/Njk3NTcuanBn.jpg"
  },
  {
    "name": "",
    "email": "@gmail.com",
    "position": "Manager",
    "photo": "https:\/\/images.pexels.com\/photos\/38554\/girl-people-landscape-sun-38554.jpeg?auto=compress&cs=tinysrgb&h=350"
  },
  {
    "name": "Jessica Barden",
    "email": "jessica.barden@gmail.com",
    "position": "Software Engineer",
    "photo": "https:\/\/images-na.ssl-images-amazon.com\/images\/M\/MV5BNzUwMjgxNTMyOF5BMl5BanBnXkFtZTcwMTIwNzU0NA@@._V1_UX172_CR0,0,172,256_AL_.jpg"
  }
]
