{"users":[{"userId":1,"name":"admin","password":"$2y$10$nuh1LEwFt7Q2\/wz9\/CmTJO91stTBS4cRjiJYBY3sVCARnllI.wzBC","email":"admin@assemblerschool.com"},{"userId":"2","name":"Videnacry","email":"videnacry@gmail.com","password":"videnacry@gmail.com"},{"userId":"3","name":"Bleiren","email":"bleink@outlook.es","password":"bleink@outlook.es"},{"userId":"4","name":"Jorge","email":"jorge@miralles.com","password":"jorge@miralles.com"},{"userId":"5","name":"Amahuz","email":"amahuz@nohe.com","password":"amahuz@nohe.com"}]}